segment_id,segment_label,metric,period,value_usd,source_name,source_url,note
national_all,U.S. national baseline,annual_apparel_services_spend_usd,2024,2001,BLS Consumer Expenditure Surveys 2024,https://fred.stlouisfed.org/series/CXUAPPARELLB0101M,All consumer units
national_all,U.S. national baseline,average_income_before_taxes_usd,2024,104207,BLS Consumer Expenditure Surveys 2024,https://fred.stlouisfed.org/series/CXUINCBEFTXLB0101M,All consumer units
national_all,U.S. national baseline,median_household_income_usd,2024,83730,U.S. Census CPS ASEC 2024 HINC-02,https://www2.census.gov/programs-surveys/cps/tables/hinc-02/2025/hinc02_1_1.xlsx,All races total households
national_all,U.S. national baseline,median_family_net_worth_usd,2022,192900,Federal Reserve Survey of Consumer Finances 2022,https://www.federalreserve.gov/publications/october-2023-changes-in-us-family-finances-from-2019-to-2022.htm,All families
national_all,U.S. national baseline,mean_family_net_worth_usd,2022,1063700,Federal Reserve Survey of Consumer Finances 2022,https://www.federalreserve.gov/publications/october-2023-changes-in-us-family-finances-from-2019-to-2022.htm,All families
age_under_25,Age under 25,annual_apparel_services_spend_usd,2024,1541,BLS Consumer Expenditure Surveys 2024,https://fred.stlouisfed.org/series/CXUAPPARELLB0402M,Age of reference person under 25
age_under_25,Age under 25,average_income_before_taxes_usd,2024,48514,BLS Consumer Expenditure Surveys 2024,https://fred.stlouisfed.org/series/CXUINCBEFTXLB0402M,Age of reference person under 25
age_under_25,Age under 25,median_household_income_usd,2024,60310,U.S. Census CPS ASEC 2024 HINC-02,https://www2.census.gov/programs-surveys/cps/tables/hinc-02/2025/hinc02_1_1.xlsx,Census age column 15 to 24 years
age_under_25,Age under 25,median_family_net_worth_usd,2022,39000,Federal Reserve Survey of Consumer Finances 2022,https://www.federalreserve.gov/publications/october-2023-changes-in-us-family-finances-from-2019-to-2022.htm,SCF age group less than 35 mapped to this BLS/Census age segment
age_under_25,Age under 25,mean_family_net_worth_usd,2022,183500,Federal Reserve Survey of Consumer Finances 2022,https://www.federalreserve.gov/publications/october-2023-changes-in-us-family-finances-from-2019-to-2022.htm,SCF age group less than 35 mapped to this BLS/Census age segment
age_25_34,Age 25 to 34,annual_apparel_services_spend_usd,2024,2220,BLS Consumer Expenditure Surveys 2024,https://fred.stlouisfed.org/series/CXUAPPARELLB0403M,Age of reference person 25 to 34
age_25_34,Age 25 to 34,average_income_before_taxes_usd,2024,102494,BLS Consumer Expenditure Surveys 2024,https://fred.stlouisfed.org/series/CXUINCBEFTXLB0403M,Age of reference person 25 to 34
age_25_34,Age 25 to 34,median_household_income_usd,2024,90100,U.S. Census CPS ASEC 2024 HINC-02,https://www2.census.gov/programs-surveys/cps/tables/hinc-02/2025/hinc02_1_1.xlsx,Census age column 25 to 34 years
age_25_34,Age 25 to 34,median_family_net_worth_usd,2022,39000,Federal Reserve Survey of Consumer Finances 2022,https://www.federalreserve.gov/publications/october-2023-changes-in-us-family-finances-from-2019-to-2022.htm,SCF age group less than 35 mapped to this BLS/Census age segment
age_25_34,Age 25 to 34,mean_family_net_worth_usd,2022,183500,Federal Reserve Survey of Consumer Finances 2022,https://www.federalreserve.gov/publications/october-2023-changes-in-us-family-finances-from-2019-to-2022.htm,SCF age group less than 35 mapped to this BLS/Census age segment
age_35_44,Age 35 to 44,annual_apparel_services_spend_usd,2024,2649,BLS Consumer Expenditure Surveys 2024,https://fred.stlouisfed.org/series/CXUAPPARELLB0404M,Age of reference person 35 to 44
age_35_44,Age 35 to 44,average_income_before_taxes_usd,2024,128285,BLS Consumer Expenditure Surveys 2024,https://fred.stlouisfed.org/series/CXUINCBEFTXLB0404M,Age of reference person 35 to 44
age_35_44,Age 35 to 44,median_household_income_usd,2024,106100,U.S. Census CPS ASEC 2024 HINC-02,https://www2.census.gov/programs-surveys/cps/tables/hinc-02/2025/hinc02_1_1.xlsx,Census age column 35 to 44 years
age_35_44,Age 35 to 44,median_family_net_worth_usd,2022,135600,Federal Reserve Survey of Consumer Finances 2022,https://www.federalreserve.gov/publications/october-2023-changes-in-us-family-finances-from-2019-to-2022.htm,SCF age group 35 to 44
age_35_44,Age 35 to 44,mean_family_net_worth_usd,2022,549600,Federal Reserve Survey of Consumer Finances 2022,https://www.federalreserve.gov/publications/october-2023-changes-in-us-family-finances-from-2019-to-2022.htm,SCF age group 35 to 44
age_45_54,Age 45 to 54,annual_apparel_services_spend_usd,2024,2547,BLS Consumer Expenditure Surveys 2024,https://fred.stlouisfed.org/series/CXUAPPARELLB0405M,Age of reference person 45 to 54
age_45_54,Age 45 to 54,average_income_before_taxes_usd,2024,141121,BLS Consumer Expenditure Surveys 2024,https://fred.stlouisfed.org/series/CXUINCBEFTXLB0405M,Age of reference person 45 to 54
age_45_54,Age 45 to 54,median_household_income_usd,2024,116800,U.S. Census CPS ASEC 2024 HINC-02,https://www2.census.gov/programs-surveys/cps/tables/hinc-02/2025/hinc02_1_1.xlsx,Census age column 45 to 54 years
age_45_54,Age 45 to 54,median_family_net_worth_usd,2022,247200,Federal Reserve Survey of Consumer Finances 2022,https://www.federalreserve.gov/publications/october-2023-changes-in-us-family-finances-from-2019-to-2022.htm,SCF age group 45 to 54
age_45_54,Age 45 to 54,mean_family_net_worth_usd,2022,975800,Federal Reserve Survey of Consumer Finances 2022,https://www.federalreserve.gov/publications/october-2023-changes-in-us-family-finances-from-2019-to-2022.htm,SCF age group 45 to 54
age_55_64,Age 55 to 64,annual_apparel_services_spend_usd,2024,2032,BLS Consumer Expenditure Surveys 2024,https://fred.stlouisfed.org/series/CXUAPPARELLB0406M,Age of reference person 55 to 64
age_55_64,Age 55 to 64,average_income_before_taxes_usd,2024,121571,BLS Consumer Expenditure Surveys 2024,https://fred.stlouisfed.org/series/CXUINCBEFTXLB0406M,Age of reference person 55 to 64
age_55_64,Age 55 to 64,median_household_income_usd,2024,91620,U.S. Census CPS ASEC 2024 HINC-02,https://www2.census.gov/programs-surveys/cps/tables/hinc-02/2025/hinc02_1_1.xlsx,Census age column 55 to 64 years
age_55_64,Age 55 to 64,median_family_net_worth_usd,2022,364500,Federal Reserve Survey of Consumer Finances 2022,https://www.federalreserve.gov/publications/october-2023-changes-in-us-family-finances-from-2019-to-2022.htm,SCF age group 55 to 64
age_55_64,Age 55 to 64,mean_family_net_worth_usd,2022,1566900,Federal Reserve Survey of Consumer Finances 2022,https://www.federalreserve.gov/publications/october-2023-changes-in-us-family-finances-from-2019-to-2022.htm,SCF age group 55 to 64
age_65_74,Age 65 to 74,annual_apparel_services_spend_usd,2024,1377,BLS Consumer Expenditure Surveys 2024,https://fred.stlouisfed.org/release/tables?eid=1199111&rid=479,Age of reference person 65 to 74
age_65_74,Age 65 to 74,average_income_before_taxes_usd,2024,75460,BLS Consumer Expenditure Surveys 2024,https://fred.stlouisfed.org/release/tables?eid=1199239&rid=479,Age of reference person 65 to 74
age_65_74,Age 65 to 74,median_household_income_usd,2024,65100,U.S. Census CPS ASEC 2024 HINC-02,https://www2.census.gov/programs-surveys/cps/tables/hinc-02/2025/hinc02_1_1.xlsx,Census age column 65 to 74 years
age_65_74,Age 65 to 74,median_family_net_worth_usd,2022,409900,Federal Reserve Survey of Consumer Finances 2022,https://www.federalreserve.gov/publications/october-2023-changes-in-us-family-finances-from-2019-to-2022.htm,SCF age group 65 to 74
age_65_74,Age 65 to 74,mean_family_net_worth_usd,2022,1794600,Federal Reserve Survey of Consumer Finances 2022,https://www.federalreserve.gov/publications/october-2023-changes-in-us-family-finances-from-2019-to-2022.htm,SCF age group 65 to 74
age_75_plus,Age 75 or over,annual_apparel_services_spend_usd,2024,942,BLS Consumer Expenditure Surveys 2024,https://fred.stlouisfed.org/release/tables?eid=1199264&rid=479,Age of reference person 75 or over
age_75_plus,Age 75 or over,average_income_before_taxes_usd,2024,56028,BLS Consumer Expenditure Surveys 2024,https://fred.stlouisfed.org/release/tables?eid=1199392&rid=479,Age of reference person 75 or over
age_75_plus,Age 75 or over,median_household_income_usd,2024,47790,U.S. Census CPS ASEC 2024 HINC-02,https://www2.census.gov/programs-surveys/cps/tables/hinc-02/2025/hinc02_1_1.xlsx,Census age column 75 years and over
age_75_plus,Age 75 or over,median_family_net_worth_usd,2022,335600,Federal Reserve Survey of Consumer Finances 2022,https://www.federalreserve.gov/publications/october-2023-changes-in-us-family-finances-from-2019-to-2022.htm,SCF age group 75 or more
age_75_plus,Age 75 or over,mean_family_net_worth_usd,2022,1624100,Federal Reserve Survey of Consumer Finances 2022,https://www.federalreserve.gov/publications/october-2023-changes-in-us-family-finances-from-2019-to-2022.htm,SCF age group 75 or more
